,자전거번호,대여일시,대여소번호,대여소명,대여거치대,반납일시,반납대여소번호,반납대여소명,반납거치대,이용시간,이용거리
0,SPB-23220,2019-11-01 8:48,646,장한평역 1번출구 (국민은행앞),3.0,2019-11-01 9:01,3,중랑센터,7.0,12.0,1100.0
1,SPB-16216,2019-11-04 8:38,646,장한평역 1번출구 (국민은행앞),2.0,2019-11-04 8:56,3,중랑센터,2.0,7.0,1420.0
2,SPB-21097,2019-11-04 8:46,646,장한평역 1번출구 (국민은행앞),1.0,2019-11-04 8:57,3,중랑센터,7.0,10.0,
3,SPB-22292,2019-11-05 8:34,646,장한평역 1번출구 (국민은행앞),1.0,2019-11-05 8:45,3,중랑센터,,10.0,1380.0
4,SPB-07935,2019-11-05 12:29,512,뚝섬역 1번 출구 옆,11.0,2019-11-05 12:39,3,중랑센터,7.0,10.0,1650.0
5,SPB-18401,2019-11-06 8:52,646,장한평역 1번출구 (국민은행앞),1.0,2019-11-06 9:09,3,중랑센터,7.0,11.0,1350.0
6,SPB-18350,2019-11-06 8:35,646,장한평역 1번출구 (국민은행앞),1.0,2019-11-06 9:10,3,중랑센터,2.0,9.0,1390.0
7,SPB-11557,2019-11-08 14:52,3,중랑센터,7.0,2019-11-08 15:40,3,중랑센터,7.0,47.0,0.0
8,SPB-20220,2019-11-11 8:35,646,장한평역 1번출구 (국민은행앞),2.0,2019-11-11 8:42,3,중랑센터,2.0,6.0,1160.0
9,SPB-20102,2019-11-11 9:45,646,장한평역 1번출구 (국민은행앞),8.0,2019-11-11 10:17,3,중랑센터,7.0,30.0,1060.0
10,SPB-10000,2019-11-12 8:35,646,장한평역 1번출구 (국민은행앞),8.0,2019-11-12 8:44,3,중랑센터,2.0,8.0,1300.0
11,SPB-20145,2019-11-13 8:30,646,장한평역 1번출구 (국민은행앞),9.0,2019-11-13 8:38,3,중랑센터,2.0,,1060.0
12,SPB-19057,2019-11-13 8:55,646,장한평역 1번출구 (국민은행앞),4.0,2019-11-13 9:08,3,중랑센터,7.0,11.0,
13,SPB-19645,2019-11-14 9:44,646,장한평역 1번출구 (국민은행앞),,2019-11-14 10:01,3,중랑센터,7.0,16.0,1140.0
14,SPB-21851,2019-11-14 9:33,646,장한평역 1번출구 (국민은행앞),10.0,2019-11-14 10:02,3,중랑센터,2.0,28.0,1220.0
15,SPB-13973,2019-11-15 8:42,646,장한평역 1번출구 (국민은행앞),1.0,2019-11-15 8:50,3,중랑센터,2.0,6.0,1370.0
16,SPB-22311,2019-11-18 8:32,646,장한평역 1번출구 (국민은행앞),6.0,2019-11-18 8:39,3,중랑센터,2.0,,1350.0
17,SPB-02270,2019-11-18 8:49,646,장한평역 1번출구 (국민은행앞),4.0,2019-11-18 9:01,3,중랑센터,7.0,11.0,1350.0
18,SPB-23659,2019-11-21 8:36,646,장한평역 1번출구 (국민은행앞),,2019-11-21 8:44,3,중랑센터,2.0,6.0,1130.0
19,SPB-23497,2019-11-21 8:50,646,장한평역 1번출구 (국민은행앞),2.0,2019-11-21 9:04,3,중랑센터,7.0,13.0,1330.0
20,SPB-21925,2019-11-22 8:49,529,장한평역 8번 출구 앞,5.0,2019-11-22 9:04,3,중랑센터,7.0,13.0,1030.0
21,SPB-21810,2019-11-25 8:41,646,장한평역 1번출구 (국민은행앞),5.0,2019-11-25 8:49,3,중랑센터,2.0,7.0,1310.0
22,SPB-05857,2019-11-26 8:40,646,장한평역 1번출구 (국민은행앞),6.0,2019-11-26 8:48,3,중랑센터,2.0,,1380.0
23,SPB-19256,2019-11-26 10:20,3,중랑센터,7.0,2019-11-26 10:24,3,중랑센터,,3.0,
24,SPB-20076,2019-11-28 8:37,646,장한평역 1번출구 (국민은행앞),6.0,2019-11-28 8:44,3,중랑센터,2.0,5.0,1070.0
25,SPB-19643,2019-11-06 8:43,419,홈플러스 앞,,2019-11-06 9:26,5,상암센터 정비실,5.0,42.0,450.0
26,SPB-15211,2019-11-15 8:42,419,홈플러스 앞,18.0,2019-11-15 9:16,5,상암센터 정비실,5.0,33.0,550.0
27,SPB-24468,2019-11-22 8:36,911,은평평화공원(역촌역4번출구),10.0,2019-11-22 8:58,5,상암센터 정비실,6.0,20.0,5170.0
28,SPB-09287,2019-11-26 8:36,911,은평평화공원(역촌역4번출구),4.0,2019-11-26 9:21,5,상암센터 정비실,6.0,42.0,5800.0
29,SPB-21611,2019-11-27 8:34,911,은평평화공원(역촌역4번출구),,2019-11-27 8:55,5,상암센터 정비실,6.0,,5350.0
30,SPB-20840,2019-11-28 8:32,419,홈플러스 앞,1.0,2019-11-28 8:35,5,상암센터 정비실,5.0,3.0,280.0
31,SPB-05354,2019-11-28 8:31,911,은평평화공원(역촌역4번출구),10.0,2019-11-28 8:54,5,상암센터 정비실,6.0,22.0,5410.0
32,SPB-21142,2019-11-29 8:28,911,은평평화공원(역촌역4번출구),3.0,2019-11-29 8:51,5,상암센터 정비실,6.0,21.0,5260.0
33,SPB-18368,2019-11-01 0:28,108,서교동 사거리,10.0,2019-11-01 0:41,101,(구)합정동 주민센터,5.0,11.0,1520.0
34,SPB-07827,2019-11-01 1:21,199,서울 월드컵 경기장,11.0,2019-11-01 1:36,101,(구)합정동 주민센터,1.0,13.0,2840.0
35,SPB-13046,2019-11-01 2:13,102,망원역 1번출구 앞,11.0,2019-11-01 2:20,101,(구)합정동 주민센터,1.0,7.0,1170.0
36,SPB-13046,2019-11-01 2:21,101,(구)합정동 주민센터,1.0,2019-11-01 2:30,101,(구)합정동 주민센터,1.0,9.0,950.0
37,SPB-14246,2019-11-01 2:21,120,신수동 사거리,5.0,2019-11-01 2:45,101,(구)합정동 주민센터,2.0,23.0,
38,SPB-11282,2019-11-01 3:30,106,합정역 7번출구 앞,5.0,2019-11-01 3:39,101,(구)합정동 주민센터,1.0,8.0,590.0
39,SPB-07875,2019-11-01 6:43,421,마포구청 앞,5.0,2019-11-01 6:55,101,(구)합정동 주민센터,3.0,11.0,1920.0
40,SPB-25272,2019-11-01 8:13,956,응암시장교차로,5.0,2019-11-01 8:42,101,(구)합정동 주민센터,,27.0,6670.0
41,SPB-19505,2019-11-01 9:50,104,합정역 1번출구 앞,1.0,2019-11-01 10:03,101,(구)합정동 주민센터,3.0,12.0,1220.0
42,SPB-13046,2019-11-01 10:35,101,(구)합정동 주민센터,2.0,2019-11-01 10:37,101,(구)합정동 주민센터,3.0,2.0,20.0
43,SPB-11488,2019-11-01 12:02,103,망원역 2번출구 앞,12.0,2019-11-01 12:09,101,(구)합정동 주민센터,1.0,6.0,1010.0
44,SPB-14142,2019-11-01 13:06,152,마포구민체육센터 앞,27.0,2019-11-01 13:12,101,(구)합정동 주민센터,5.0,,1190.0
45,SPB-11221,2019-11-01 13:59,125,서강대 남문 옆,10.0,2019-11-01 14:24,101,(구)합정동 주민센터,5.0,24.0,4940.0
46,SPB-01182,2019-11-01 15:08,113,홍대입구역 2번출구 앞,24.0,2019-11-01 15:22,101,(구)합정동 주민센터,4.0,13.0,2300.0
47,SPB-11637,2019-11-01 15:35,103,망원역 2번출구 앞,4.0,2019-11-01 15:41,101,(구)합정동 주민센터,2.0,5.0,1110.0
48,SPB-17056,2019-11-01 16:54,106,합정역 7번출구 앞,7.0,2019-11-01 17:01,101,(구)합정동 주민센터,5.0,6.0,830.0
49,SPB-17169,2019-11-01 18:32,148,용강동 주민센터 앞,,2019-11-01 19:05,101,(구)합정동 주민센터,2.0,32.0,5440.0
50,SPB-03131,2019-11-01 18:34,226,샛강역 1번출구 앞,14.0,2019-11-01 19:10,101,(구)합정동 주민센터,1.0,35.0,6890.0
51,SPB-00122,2019-11-01 18:55,113,홍대입구역 2번출구 앞,25.0,2019-11-01 19:14,101,(구)합정동 주민센터,,19.0,2790.0
52,SPB-15851,2019-11-01 19:15,128,신촌역(2호선) 1번출구 옆,18.0,2019-11-01 19:34,101,(구)합정동 주민센터,1.0,18.0,3750.0
53,SPB-05526,2019-11-01 19:39,106,합정역 7번출구 앞,4.0,2019-11-01 19:46,101,(구)합정동 주민센터,2.0,6.0,920.0
54,SPB-03131,2019-11-01 19:44,106,합정역 7번출구 앞,4.0,2019-11-01 19:48,101,(구)합정동 주민센터,1.0,3.0,890.0
55,SPB-05526,2019-11-01 19:50,101,(구)합정동 주민센터,2.0,2019-11-01 20:03,101,(구)합정동 주민센터,4.0,12.0,1570.0
56,SPB-06179,2019-11-01 20:13,267,삼성화재 사옥 옆,1.0,2019-11-01 20:26,101,(구)합정동 주민센터,2.0,12.0,2380.0
57,SPB-07887,2019-11-01 20:22,104,합정역 1번출구 앞,6.0,2019-11-01 20:30,101,(구)합정동 주민센터,3.0,,770.0
58,SPB-08747,2019-11-01 20:37,115,사루비아 빌딩 앞,15.0,2019-11-01 20:53,101,(구)합정동 주민센터,5.0,16.0,2670.0
59,SPB-21427,2019-11-01 20:50,826,서울역 서부교차로2,20.0,2019-11-01 21:19,101,(구)합정동 주민센터,5.0,27.0,6100.0
60,SPB-12849,2019-11-01 22:32,102,망원역 1번출구 앞,7.0,2019-11-01 22:40,101,(구)합정동 주민센터,1.0,7.0,1120.0
61,SPB-12120,2019-11-01 22:23,391,정동길입구,4.0,2019-11-01 23:02,101,(구)합정동 주민센터,3.0,38.0,6330.0
62,SPB-12825,2019-11-01 23:45,103,망원역 2번출구 앞,7.0,2019-11-01 23:51,101,(구)합정동 주민센터,1.0,5.0,790.0
63,SPB-06785,2019-11-02 0:32,105,합정역 5번출구 앞,1.0,2019-11-02 0:47,101,(구)합정동 주민센터,5.0,14.0,1360.0
64,SPB-15349,2019-11-02 1:14,104,합정역 1번출구 앞,,2019-11-02 1:20,101,(구)합정동 주민센터,1.0,5.0,1040.0
65,SPB-24484,2019-11-02 1:19,137,NH농협 신촌지점 앞,4.0,2019-11-02 1:35,101,(구)합정동 주민센터,3.0,16.0,3840.0
66,SPB-11364,2019-11-02 2:17,154,마포구청역,2.0,2019-11-02 2:26,101,(구)합정동 주민센터,5.0,9.0,1630.0
67,SPB-07767,2019-11-02 2:52,115,사루비아 빌딩 앞,4.0,2019-11-02 3:08,101,(구)합정동 주민센터,5.0,14.0,1710.0
68,SPB-16514,2019-11-02 5:11,106,합정역 7번출구 앞,2.0,2019-11-02 5:18,101,(구)합정동 주민센터,1.0,6.0,820.0
69,SPB-25390,2019-11-02 10:49,409,누리꿈스퀘어 옆,14.0,2019-11-02 11:36,101,(구)합정동 주민센터,1.0,46.0,6980.0
70,SPB-08265,2019-11-02 14:24,104,합정역 1번출구 앞,2.0,2019-11-02 14:53,101,(구)합정동 주민센터,1.0,28.0,
71,SPB-24767,2019-11-02 14:54,106,합정역 7번출구 앞,6.0,2019-11-02 15:21,101,(구)합정동 주민센터,4.0,27.0,810.0
72,SPB-01372,2019-11-02 15:34,104,합정역 1번출구 앞,,2019-11-02 15:43,101,(구)합정동 주민센터,2.0,8.0,1230.0
73,SPB-04854,2019-11-02 14:07,104,합정역 1번출구 앞,5.0,2019-11-02 15:54,101,(구)합정동 주민센터,5.0,106.0,3110.0
74,SPB-21518,2019-11-02 16:00,116,일진아이윌아파트 옆,3.0,2019-11-02 16:49,101,(구)합정동 주민센터,,46.0,3980.0
75,SPB-22668,2019-11-02 16:02,116,일진아이윌아파트 옆,3.0,2019-11-02 16:50,101,(구)합정동 주민센터,4.0,46.0,42070.0
76,SPB-07402,2019-11-02 16:45,151,망원1동주민센터,1.0,2019-11-02 16:59,101,(구)합정동 주민센터,3.0,,1250.0
77,SPB-10270,2019-11-02 16:41,151,망원1동주민센터,2.0,2019-11-02 16:59,101,(구)합정동 주민센터,4.0,16.0,1080.0
78,SPB-18146,2019-11-02 17:20,826,서울역 서부교차로2,14.0,2019-11-02 17:51,101,(구)합정동 주민센터,5.0,30.0,6930.0
79,SPB-24483,2019-11-02 17:29,272,당산육갑문,3.0,2019-11-02 17:58,101,(구)합정동 주민센터,2.0,28.0,4680.0
80,SPB-22746,2019-11-02 18:03,115,사루비아 빌딩 앞,9.0,2019-11-02 18:17,101,(구)합정동 주민센터,2.0,13.0,2210.0
81,SPB-08676,2019-11-02 18:25,108,서교동 사거리,4.0,2019-11-02 18:48,101,(구)합정동 주민센터,1.0,20.0,2570.0
82,SPB-07205,2019-11-02 18:30,175,홍연2교옆,18.0,2019-11-02 18:52,101,(구)합정동 주민센터,1.0,21.0,6750.0
83,SPB-08676,2019-11-02 18:51,101,(구)합정동 주민센터,1.0,2019-11-02 19:11,101,(구)합정동 주민센터,1.0,17.0,1320.0
84,SPB-07205,2019-11-02 20:24,101,(구)합정동 주민센터,1.0,2019-11-02 20:41,101,(구)합정동 주민센터,1.0,16.0,1470.0
85,SPB-07402,2019-11-02 19:54,101,(구)합정동 주민센터,3.0,2019-11-02 21:01,101,(구)합정동 주민센터,4.0,65.0,2280.0
86,SPB-04854,2019-11-02 19:52,101,(구)합정동 주민센터,5.0,2019-11-02 21:01,101,(구)합정동 주민센터,2.0,,2300.0
87,SPB-08676,2019-11-02 19:53,101,(구)합정동 주민센터,,2019-11-02 21:13,101,(구)합정동 주민센터,1.0,69.0,2230.0
88,SPB-12120,2019-11-02 20:30,419,홈플러스 앞,15.0,2019-11-02 21:14,101,(구)합정동 주민센터,5.0,44.0,4200.0
89,SPB-03614,2019-11-02 20:28,419,홈플러스 앞,,2019-11-02 21:15,101,(구)합정동 주민센터,,46.0,5720.0
90,SPB-06590,2019-11-02 21:00,182,망원2빗물펌프장 앞,2.0,2019-11-02 21:23,101,(구)합정동 주민센터,1.0,22.0,2580.0
91,SPB-07497,2019-11-02 21:22,3102,연희삼거리,9.0,2019-11-02 21:41,101,(구)합정동 주민센터,5.0,17.0,3410.0
92,SPB-22287,2019-11-02 22:56,112,극동방송국 앞,2.0,2019-11-02 23:09,101,(구)합정동 주민센터,2.0,12.0,1610.0
93,SPB-23827,2019-11-02 23:14,113,홍대입구역 2번출구 앞,11.0,2019-11-02 23:26,101,(구)합정동 주민센터,3.0,11.0,1850.0
94,SPB-11003,2019-11-02 23:45,102,망원역 1번출구 앞,9.0,2019-11-02 23:52,101,(구)합정동 주민센터,2.0,6.0,
95,SPB-09782,2019-11-02 23:35,129,신촌역(2호선) 6번출구 옆,2.0,2019-11-02 23:55,101,(구)합정동 주민센터,5.0,18.0,3080.0
96,SPB-17282,2019-11-02 23:56,113,홍대입구역 2번출구 앞,11.0,2019-11-03 0:07,101,(구)합정동 주민센터,3.0,11.0,2270.0
97,SPB-22781,2019-11-02 23:26,113,홍대입구역 2번출구 앞,10.0,2019-11-03 0:09,101,(구)합정동 주민센터,5.0,42.0,4630.0
98,SPB-11651,2019-11-02 23:54,228,선유도역 3번출구 앞,8.0,2019-11-03 0:09,101,(구)합정동 주민센터,3.0,15.0,2290.0
99,SPB-17117,2019-11-03 0:08,102,망원역 1번출구 앞,10.0,2019-11-03 0:17,101,(구)합정동 주민센터,2.0,9.0,1110.0
100,SPB-22287,2019-11-03 8:56,101,(구)합정동 주민센터,2.0,2019-11-03 9:28,101,(구)합정동 주민센터,1.0,30.0,1410.0
101,SPB-01372,2019-11-03 9:48,182,망원2빗물펌프장 앞,7.0,2019-11-03 10:48,101,(구)합정동 주민센터,4.0,59.0,4370.0
102,SPB-15238,2019-11-03 10:29,139,연세대 정문 건너편,12.0,2019-11-03 10:53,101,(구)합정동 주민센터,2.0,24.0,3820.0
103,SPB-10191,2019-11-03 11:56,105,합정역 5번출구 앞,,2019-11-03 12:35,101,(구)합정동 주민센터,4.0,38.0,1610.0
104,SPB-10735,2019-11-03 12:15,106,합정역 7번출구 앞,10.0,2019-11-03 12:41,101,(구)합정동 주민센터,1.0,25.0,2180.0
105,SPB-07497,2019-11-03 12:46,151,망원1동주민센터,4.0,2019-11-03 12:54,101,(구)합정동 주민센터,5.0,7.0,1080.0
106,SPB-05156,2019-11-03 14:04,103,망원역 2번출구 앞,8.0,2019-11-03 14:40,101,(구)합정동 주민센터,5.0,35.0,1140.0
107,SPB-23965,2019-11-03 14:39,152,마포구민체육센터 앞,28.0,2019-11-03 14:46,101,(구)합정동 주민센터,1.0,6.0,1100.0
108,SPB-21140,2019-11-03 15:38,104,합정역 1번출구 앞,10.0,2019-11-03 15:46,101,(구)합정동 주민센터,1.0,7.0,0.0
109,SPB-21140,2019-11-03 16:09,106,합정역 7번출구 앞,9.0,2019-11-03 16:14,101,(구)합정동 주민센터,2.0,4.0,0.0
110,SPB-18241,2019-11-03 14:26,2103,신림동 우방아파트,3.0,2019-11-03 16:27,101,(구)합정동 주민센터,4.0,121.0,17060.0
111,SPB-14209,2019-11-03 14:26,2103,신림동 우방아파트,1.0,2019-11-03 16:28,101,(구)합정동 주민센터,1.0,121.0,16910.0
112,SPB-06227,2019-11-03 16:27,151,망원1동주민센터,8.0,2019-11-03 16:34,101,(구)합정동 주민센터,3.0,6.0,1170.0
113,SPB-16593,2019-11-03 17:16,106,합정역 7번출구 앞,1.0,2019-11-03 18:11,101,(구)합정동 주민센터,5.0,54.0,860.0
114,SPB-18241,2019-11-03 17:45,101,(구)합정동 주민센터,4.0,2019-11-03 18:12,101,(구)합정동 주민센터,4.0,26.0,2560.0
115,SPB-20935,2019-11-03 18:09,183,하늘채코오롱아파트 건너편,13.0,2019-11-03 18:29,101,(구)합정동 주민센터,1.0,18.0,2700.0
116,SPB-17422,2019-11-03 19:34,151,망원1동주민센터,9.0,2019-11-03 19:48,101,(구)합정동 주민센터,1.0,13.0,1050.0
117,SPB-06227,2019-11-03 19:35,151,망원1동주민센터,8.0,2019-11-03 19:48,101,(구)합정동 주민센터,3.0,12.0,1060.0
118,SPB-14926,2019-11-03 19:46,106,합정역 7번출구 앞,6.0,2019-11-03 19:53,101,(구)합정동 주민센터,5.0,6.0,910.0
119,SPB-15011,2019-11-03 19:53,182,망원2빗물펌프장 앞,4.0,2019-11-03 20:31,101,(구)합정동 주민센터,4.0,37.0,4240.0
120,SPB-24564,2019-11-03 19:24,182,망원2빗물펌프장 앞,3.0,2019-11-03 20:38,101,(구)합정동 주민센터,1.0,72.0,8530.0
121,SPB-21795,2019-11-03 20:59,106,합정역 7번출구 앞,8.0,2019-11-03 21:04,101,(구)합정동 주민센터,3.0,5.0,450.0
122,SPB-12801,2019-11-03 21:15,114,홍대입구역 8번출구 앞,3.0,2019-11-03 21:33,101,(구)합정동 주민센터,1.0,16.0,1940.0
123,SPB-22075,2019-11-03 21:50,152,마포구민체육센터 앞,,2019-11-03 21:57,101,(구)합정동 주민센터,1.0,6.0,970.0
124,SPB-07429,2019-11-03 21:39,440,하늘공원 입구,5.0,2019-11-03 22:06,101,(구)합정동 주민센터,2.0,25.0,4030.0
125,SPB-14782,2019-11-03 22:17,184,SK망원동주유소 건너편,1.0,2019-11-03 22:26,101,(구)합정동 주민센터,1.0,8.0,1490.0
126,SPB-18241,2019-11-03 22:31,196,연희교차로 인근,1.0,2019-11-03 22:58,101,(구)합정동 주민센터,5.0,26.0,4430.0
127,SPB-21795,2019-11-03 22:56,101,(구)합정동 주민센터,3.0,2019-11-03 23:02,101,(구)합정동 주민센터,2.0,5.0,280.0
128,SPB-03349,2019-11-03 23:03,124,서강대 정문 건너편,5.0,2019-11-03 23:23,101,(구)합정동 주민센터,3.0,19.0,
129,SPB-22403,2019-11-03 23:45,119,서강나루 공원,10.0,2019-11-03 23:59,101,(구)합정동 주민센터,5.0,,1530.0
130,SPB-18241,2019-11-03 23:45,101,(구)합정동 주민센터,5.0,2019-11-04 0:16,101,(구)합정동 주민센터,5.0,30.0,3810.0
131,SPB-24421,2019-11-04 0:01,419,홈플러스 앞,11.0,2019-11-04 0:29,101,(구)합정동 주민센터,5.0,27.0,3540.0
132,SPB-24856,2019-11-04 0:05,419,홈플러스 앞,14.0,2019-11-04 0:29,101,(구)합정동 주민센터,1.0,22.0,4250.0
133,SPB-01878,2019-11-04 0:03,419,홈플러스 앞,15.0,2019-11-04 0:29,101,(구)합정동 주민센터,1.0,25.0,4450.0
134,SPB-07435,2019-11-04 2:08,151,망원1동주민센터,7.0,2019-11-04 2:14,101,(구)합정동 주민센터,3.0,5.0,700.0
135,SPB-24875,2019-11-04 3:56,264,교보생명보험 앞,3.0,2019-11-04 4:12,101,(구)합정동 주민센터,1.0,15.0,3320.0
136,SPB-01717,2019-11-04 9:09,438,성산2-1 공영주차장,1.0,2019-11-04 9:26,101,(구)합정동 주민센터,4.0,15.0,3900.0
137,SPB-06287,2019-11-04 9:05,203,국회의사당역 3번출구 옆,1.0,2019-11-04 9:28,101,(구)합정동 주민센터,3.0,22.0,5020.0
138,SPB-15658,2019-11-04 10:08,228,선유도역 3번출구 앞,6.0,2019-11-04 10:28,101,(구)합정동 주민센터,5.0,20.0,2860.0
139,SPB-15658,2019-11-04 11:03,101,(구)합정동 주민센터,5.0,2019-11-04 12:27,101,(구)합정동 주민센터,4.0,83.0,3850.0
140,SPB-15658,2019-11-04 12:38,101,(구)합정동 주민센터,4.0,2019-11-04 12:53,101,(구)합정동 주민센터,2.0,14.0,2590.0
141,SPB-22075,2019-11-04 12:25,101,(구)합정동 주민센터,1.0,2019-11-04 12:54,101,(구)합정동 주민센터,5.0,27.0,490.0
142,SPB-15142,2019-11-04 12:33,152,마포구민체육센터 앞,23.0,2019-11-04 13:17,101,(구)합정동 주민센터,4.0,44.0,0.0
143,SPB-24564,2019-11-04 14:47,101,(구)합정동 주민센터,1.0,2019-11-04 15:27,101,(구)합정동 주민센터,1.0,39.0,3300.0
144,SPB-19967,2019-11-04 15:01,102,망원역 1번출구 앞,11.0,2019-11-04 15:30,101,(구)합정동 주민센터,3.0,27.0,2010.0
145,SPB-00069,2019-11-04 15:01,102,망원역 1번출구 앞,12.0,2019-11-04 15:30,101,(구)합정동 주민센터,4.0,28.0,1940.0
146,SPB-17778,2019-11-04 15:23,184,SK망원동주유소 건너편,9.0,2019-11-04 15:34,101,(구)합정동 주민센터,5.0,11.0,1700.0
147,SPB-17778,2019-11-04 17:16,101,(구)합정동 주민센터,,2019-11-04 17:41,101,(구)합정동 주민센터,1.0,24.0,1750.0
148,SPB-24758,2019-11-04 17:59,106,합정역 7번출구 앞,7.0,2019-11-04 18:20,101,(구)합정동 주민센터,5.0,20.0,1130.0
149,SPB-20844,2019-11-04 17:55,115,사루비아 빌딩 앞,3.0,2019-11-04 18:21,101,(구)합정동 주민센터,1.0,24.0,3110.0
150,SPB-23976,2019-11-04 18:00,129,신촌역(2호선) 6번출구 옆,9.0,2019-11-04 18:27,101,(구)합정동 주민센터,3.0,25.0,3350.0
151,SPB-05001,2019-11-04 18:23,102,망원역 1번출구 앞,19.0,2019-11-04 18:30,101,(구)합정동 주민센터,2.0,6.0,1180.0
152,SPB-12291,2019-11-04 18:10,409,누리꿈스퀘어 옆,1.0,2019-11-04 18:34,101,(구)합정동 주민센터,4.0,23.0,4660.0
153,SPB-02431,2019-11-04 18:18,148,용강동 주민센터 앞,1.0,2019-11-04 18:45,101,(구)합정동 주민센터,1.0,27.0,5510.0
154,SPB-08458,2019-11-04 18:44,108,서교동 사거리,5.0,2019-11-04 19:03,101,(구)합정동 주민센터,2.0,18.0,2100.0
155,SPB-13180,2019-11-04 18:45,108,서교동 사거리,4.0,2019-11-04 19:03,101,(구)합정동 주민센터,1.0,17.0,1590.0
156,SPB-22308,2019-11-04 19:39,106,합정역 7번출구 앞,8.0,2019-11-04 19:46,101,(구)합정동 주민센터,4.0,6.0,910.0
157,SPB-23976,2019-11-04 19:15,101,(구)합정동 주민센터,3.0,2019-11-04 19:46,101,(구)합정동 주민센터,3.0,30.0,2120.0
158,SPB-04641,2019-11-04 19:52,105,합정역 5번출구 앞,2.0,2019-11-04 19:59,101,(구)합정동 주민센터,3.0,6.0,1020.0
159,SPB-14959,2019-11-04 19:55,151,망원1동주민센터,4.0,2019-11-04 20:54,101,(구)합정동 주민센터,2.0,57.0,5200.0
160,SPB-16645,2019-11-04 21:07,826,서울역 서부교차로2,18.0,2019-11-04 21:33,101,(구)합정동 주민센터,2.0,26.0,6850.0
161,SPB-04641,2019-11-04 21:33,101,(구)합정동 주민센터,3.0,2019-11-04 21:42,101,(구)합정동 주민센터,1.0,,0.0
162,SPB-12220,2019-11-04 21:41,432,마포중앙도서관,1.0,2019-11-04 21:52,101,(구)합정동 주민센터,3.0,9.0,1840.0
163,SPB-13543,2019-11-04 21:19,121,마포소방서 앞,,2019-11-04 22:06,101,(구)합정동 주민센터,1.0,47.0,3430.0
164,SPB-06676,2019-11-04 22:04,151,망원1동주민센터,5.0,2019-11-04 22:12,101,(구)합정동 주민센터,1.0,6.0,1040.0
165,SPB-23824,2019-11-04 22:18,104,합정역 1번출구 앞,2.0,2019-11-04 22:23,101,(구)합정동 주민센터,5.0,5.0,780.0
166,SPB-24084,2019-11-04 22:23,103,망원역 2번출구 앞,4.0,2019-11-04 22:40,101,(구)합정동 주민센터,1.0,15.0,750.0
167,SPB-11840,2019-11-04 22:40,104,합정역 1번출구 앞,7.0,2019-11-04 22:47,101,(구)합정동 주민센터,5.0,7.0,870.0
168,SPB-08884,2019-11-04 22:40,104,합정역 1번출구 앞,1.0,2019-11-04 22:47,101,(구)합정동 주민센터,1.0,7.0,1120.0
169,SPB-22099,2019-11-04 22:33,128,신촌역(2호선) 1번출구 옆,6.0,2019-11-04 22:52,101,(구)합정동 주민센터,3.0,18.0,3010.0
170,SPB-22641,2019-11-04 22:26,391,정동길입구,5.0,2019-11-04 23:10,101,(구)합정동 주민센터,2.0,43.0,6340.0
171,SPB-09543,2019-11-04 23:32,102,망원역 1번출구 앞,8.0,2019-11-04 23:42,101,(구)합정동 주민센터,1.0,9.0,1140.0
172,SPB-14426,2019-11-05 0:08,109,제일빌딩 앞,10.0,2019-11-05 0:16,101,(구)합정동 주민센터,1.0,7.0,1410.0
173,SPB-06938,2019-11-05 0:37,306,광화문역 7번출구 앞,4.0,2019-11-05 1:11,101,(구)합정동 주민센터,4.0,34.0,8160.0
174,SPB-07062,2019-11-05 1:21,151,망원1동주민센터,,2019-11-05 1:27,101,(구)합정동 주민센터,3.0,5.0,1050.0
175,SPB-12641,2019-11-05 1:34,102,망원역 1번출구 앞,12.0,2019-11-05 1:41,101,(구)합정동 주민센터,3.0,6.0,1110.0
176,SPB-23475,2019-11-05 1:49,103,망원역 2번출구 앞,13.0,2019-11-05 1:55,101,(구)합정동 주민센터,1.0,5.0,740.0
177,SPB-22450,2019-11-05 2:06,106,합정역 7번출구 앞,4.0,2019-11-05 2:11,101,(구)합정동 주민센터,3.0,5.0,480.0
178,SPB-13900,2019-11-05 9:16,103,망원역 2번출구 앞,6.0,2019-11-05 9:23,101,(구)합정동 주민센터,2.0,6.0,1060.0
179,SPB-14571,2019-11-05 9:09,438,성산2-1 공영주차장,2.0,2019-11-05 9:27,101,(구)합정동 주민센터,5.0,17.0,
180,SPB-14571,2019-11-05 9:52,104,합정역 1번출구 앞,2.0,2019-11-05 9:57,101,(구)합정동 주민센터,1.0,5.0,1130.0
181,SPB-13900,2019-11-05 9:43,101,(구)합정동 주민센터,2.0,2019-11-05 10:27,101,(구)합정동 주민센터,1.0,43.0,4810.0
182,SPB-02659,2019-11-05 11:44,113,홍대입구역 2번출구 앞,25.0,2019-11-05 11:57,101,(구)합정동 주민센터,1.0,12.0,1770.0
183,SPB-14784,2019-11-05 13:02,152,마포구민체육센터 앞,21.0,2019-11-05 13:19,101,(구)합정동 주민센터,5.0,17.0,1790.0
184,SPB-06274,2019-11-05 12:54,102,망원역 1번출구 앞,15.0,2019-11-05 13:26,101,(구)합정동 주민센터,4.0,32.0,2440.0
185,SPB-20864,2019-11-05 13:18,111,상수역 2번출구 앞,10.0,2019-11-05 13:36,101,(구)합정동 주민센터,1.0,,3680.0
186,SPB-14919,2019-11-05 12:53,181,망원초록길 입구,6.0,2019-11-05 13:46,101,(구)합정동 주민센터,1.0,52.0,3780.0
187,SPB-05318,2019-11-05 13:35,427,성산시영아파트,,2019-11-05 13:51,101,(구)합정동 주민센터,3.0,15.0,3210.0
188,SPB-06770,2019-11-05 13:32,125,서강대 남문 옆,6.0,2019-11-05 13:53,101,(구)합정동 주민센터,1.0,21.0,3570.0
189,SPB-12842,2019-11-05 15:30,113,홍대입구역 2번출구 앞,22.0,2019-11-05 15:50,101,(구)합정동 주민센터,4.0,18.0,1860.0
190,SPB-12842,2019-11-05 15:56,101,(구)합정동 주민센터,4.0,2019-11-05 16:03,101,(구)합정동 주민센터,2.0,6.0,700.0
191,SPB-03622,2019-11-05 16:35,152,마포구민체육센터 앞,6.0,2019-11-05 16:43,101,(구)합정동 주민센터,4.0,7.0,1160.0
192,SPB-18327,2019-11-05 16:49,196,연희교차로 인근,8.0,2019-11-05 17:13,101,(구)합정동 주민센터,5.0,22.0,4140.0
193,SPB-14886,2019-11-05 18:07,104,합정역 1번출구 앞,2.0,2019-11-05 18:16,101,(구)합정동 주민센터,3.0,8.0,1080.0
194,SPB-21192,2019-11-05 17:54,203,국회의사당역 3번출구 옆,2.0,2019-11-05 18:18,101,(구)합정동 주민센터,2.0,22.0,3940.0
195,SPB-20543,2019-11-05 18:07,409,누리꿈스퀘어 옆,4.0,2019-11-05 18:32,101,(구)합정동 주민센터,2.0,24.0,4220.0
196,SPB-20995,2019-11-05 18:13,148,용강동 주민센터 앞,,2019-11-05 18:41,101,(구)합정동 주민센터,1.0,27.0,4560.0
197,SPB-23690,2019-11-05 18:41,247,당산역 10번출구 앞,9.0,2019-11-05 18:59,101,(구)합정동 주민센터,5.0,17.0,2930.0
198,SPB-25430,2019-11-05 18:14,224,롯데캐슬 앞,17.0,2019-11-05 19:06,101,(구)합정동 주민센터,4.0,49.0,7260.0
199,SPB-05808,2019-11-05 19:11,410,상암중학교 옆,3.0,2019-11-05 19:32,101,(구)합정동 주민센터,2.0,20.0,5500.0
200,SPB-11531,2019-11-05 19:41,104,합정역 1번출구 앞,8.0,2019-11-05 19:50,101,(구)합정동 주민센터,1.0,9.0,1090.0
201,SPB-11062,2019-11-05 20:20,129,신촌역(2호선) 6번출구 옆,9.0,2019-11-05 20:51,101,(구)합정동 주민센터,1.0,30.0,3170.0
202,SPB-03991,2019-11-05 20:34,111,상수역 2번출구 앞,9.0,2019-11-05 21:03,101,(구)합정동 주민센터,2.0,28.0,3980.0
203,SPB-05365,2019-11-05 21:06,106,합정역 7번출구 앞,5.0,2019-11-05 21:13,101,(구)합정동 주민센터,5.0,6.0,970.0
204,SPB-23327,2019-11-05 22:14,391,정동길입구,2.0,2019-11-05 22:54,101,(구)합정동 주민센터,,37.0,7210.0
205,SPB-18099,2019-11-05 23:30,102,망원역 1번출구 앞,20.0,2019-11-05 23:48,101,(구)합정동 주민센터,1.0,17.0,1780.0
206,SPB-06638,2019-11-05 22:52,413,상암월드컵파크 3단지 후문,8.0,2019-11-06 0:05,101,(구)합정동 주민센터,1.0,73.0,6900.0
207,SPB-08746,2019-11-05 22:51,413,상암월드컵파크 3단지 후문,2.0,2019-11-06 0:06,101,(구)합정동 주민센터,4.0,74.0,6520.0
208,SPB-18099,2019-11-06 0:00,101,(구)합정동 주민센터,1.0,2019-11-06 0:16,101,(구)합정동 주민센터,4.0,15.0,1610.0
209,SPB-23690,2019-11-06 0:27,106,합정역 7번출구 앞,4.0,2019-11-06 0:32,101,(구)합정동 주민센터,1.0,5.0,710.0
210,SPB-19171,2019-11-06 1:42,151,망원1동주민센터,,2019-11-06 1:48,101,(구)합정동 주민센터,5.0,5.0,1060.0
211,SPB-11997,2019-11-06 7:50,956,응암시장교차로,9.0,2019-11-06 8:18,101,(구)합정동 주민센터,4.0,28.0,6160.0
212,SPB-15978,2019-11-06 8:45,103,망원역 2번출구 앞,14.0,2019-11-06 8:52,101,(구)합정동 주민센터,4.0,6.0,1110.0
213,SPB-21502,2019-11-06 9:07,103,망원역 2번출구 앞,8.0,2019-11-06 9:17,101,(구)합정동 주민센터,2.0,9.0,950.0
214,SPB-04119,2019-11-06 9:49,104,합정역 1번출구 앞,8.0,2019-11-06 9:56,101,(구)합정동 주민센터,1.0,6.0,1140.0
215,SPB-19116,2019-11-06 10:36,228,선유도역 3번출구 앞,9.0,2019-11-06 10:52,101,(구)합정동 주민센터,4.0,16.0,3000.0
216,SPB-18670,2019-11-06 11:41,113,홍대입구역 2번출구 앞,22.0,2019-11-06 11:54,101,(구)합정동 주민센터,1.0,12.0,1990.0
217,SPB-25280,2019-11-06 10:35,103,망원역 2번출구 앞,8.0,2019-11-06 12:24,101,(구)합정동 주민센터,4.0,105.0,1050.0
218,SPB-16974,2019-11-06 15:44,114,홍대입구역 8번출구 앞,13.0,2019-11-06 15:58,101,(구)합정동 주민센터,5.0,13.0,0.0
219,SPB-04754,2019-11-06 16:08,151,망원1동주민센터,,2019-11-06 16:45,101,(구)합정동 주민센터,5.0,36.0,2960.0
220,SPB-16815,2019-11-06 16:52,106,합정역 7번출구 앞,2.0,2019-11-06 17:04,101,(구)합정동 주민센터,2.0,11.0,920.0
221,SPB-06127,2019-11-06 16:06,1925,동양미래대학교 정문 옆,6.0,2019-11-06 17:09,101,(구)합정동 주민센터,4.0,62.0,12610.0
222,SPB-23090,2019-11-06 17:09,141,연대 대운동장 옆,10.0,2019-11-06 17:40,101,(구)합정동 주민센터,3.0,30.0,3960.0
223,SPB-13851,2019-11-06 17:48,152,마포구민체육센터 앞,18.0,2019-11-06 17:52,101,(구)합정동 주민센터,1.0,4.0,1180.0
224,SPB-11422,2019-11-06 17:55,205,산업은행 앞,17.0,2019-11-06 18:21,101,(구)합정동 주민센터,2.0,25.0,4490.0
225,SPB-14445,2019-11-06 18:07,409,누리꿈스퀘어 옆,2.0,2019-11-06 18:32,101,(구)합정동 주민센터,1.0,25.0,5280.0
226,SPB-16104,2019-11-06 18:25,104,합정역 1번출구 앞,5.0,2019-11-06 18:36,101,(구)합정동 주민센터,5.0,10.0,1010.0
227,SPB-08739,2019-11-06 18:32,115,사루비아 빌딩 앞,1.0,2019-11-06 18:46,101,(구)합정동 주민센터,5.0,13.0,2590.0
228,SPB-17074,2019-11-06 18:33,267,삼성화재 사옥 옆,2.0,2019-11-06 18:49,101,(구)합정동 주민센터,2.0,,2390.0
229,SPB-06190,2019-11-06 18:23,226,샛강역 1번출구 앞,12.0,2019-11-06 18:50,101,(구)합정동 주민센터,1.0,25.0,0.0
230,SPB-23204,2019-11-06 19:04,408,LG CNS앞,12.0,2019-11-06 19:28,101,(구)합정동 주민센터,3.0,24.0,4800.0
231,SPB-16810,2019-11-06 21:26,152,마포구민체육센터 앞,25.0,2019-11-06 21:35,101,(구)합정동 주민센터,5.0,9.0,1200.0
232,SPB-17708,2019-11-06 21:47,826,서울역 서부교차로2,,2019-11-06 22:16,101,(구)합정동 주민센터,5.0,28.0,6800.0
233,SPB-06190,2019-11-06 22:11,101,(구)합정동 주민센터,1.0,2019-11-06 22:27,101,(구)합정동 주민센터,1.0,15.0,0.0
234,SPB-22624,2019-11-06 23:01,103,망원역 2번출구 앞,4.0,2019-11-06 23:09,101,(구)합정동 주민센터,5.0,6.0,760.0
235,SPB-18311,2019-11-06 23:35,109,제일빌딩 앞,9.0,2019-11-06 23:45,101,(구)합정동 주민센터,5.0,8.0,1500.0
236,SPB-16119,2019-11-07 2:27,151,망원1동주민센터,6.0,2019-11-07 2:33,101,(구)합정동 주민센터,2.0,5.0,1070.0
237,SPB-06454,2019-11-07 8:45,102,망원역 1번출구 앞,9.0,2019-11-07 8:54,101,(구)합정동 주민센터,5.0,9.0,1350.0
238,SPB-06454,2019-11-07 9:07,103,망원역 2번출구 앞,4.0,2019-11-07 9:14,101,(구)합정동 주민센터,3.0,5.0,1050.0
239,SPB-14547,2019-11-07 9:31,152,마포구민체육센터 앞,1.0,2019-11-07 9:46,101,(구)합정동 주민센터,4.0,13.0,0.0
240,SPB-15214,2019-11-07 9:44,104,합정역 1번출구 앞,12.0,2019-11-07 9:49,101,(구)합정동 주민센터,5.0,4.0,1210.0
241,SPB-09571,2019-11-07 9:45,391,정동길입구,4.0,2019-11-07 9:55,101,(구)합정동 주민센터,4.0,9.0,1110.0
242,SPB-22387,2019-11-07 9:49,104,합정역 1번출구 앞,11.0,2019-11-07 10:00,101,(구)합정동 주민센터,3.0,11.0,950.0
243,SPB-16422,2019-11-07 13:08,152,마포구민체육센터 앞,,2019-11-07 13:14,101,(구)합정동 주민센터,5.0,5.0,1180.0
244,SPB-16551,2019-11-07 14:58,421,마포구청 앞,8.0,2019-11-07 15:20,101,(구)합정동 주민센터,5.0,21.0,2820.0
245,SPB-03243,2019-11-07 15:29,113,홍대입구역 2번출구 앞,8.0,2019-11-07 15:40,101,(구)합정동 주민센터,4.0,11.0,2310.0
246,SPB-22542,2019-11-07 15:59,111,상수역 2번출구 앞,4.0,2019-11-07 16:11,101,(구)합정동 주민센터,1.0,11.0,1580.0
247,SPB-06373,2019-11-07 16:02,141,연대 대운동장 옆,4.0,2019-11-07 16:24,101,(구)합정동 주민센터,1.0,21.0,0.0
248,SPB-21813,2019-11-07 16:33,104,합정역 1번출구 앞,3.0,2019-11-07 16:40,101,(구)합정동 주민센터,5.0,6.0,800.0
249,SPB-09682,2019-11-07 17:08,183,하늘채코오롱아파트 건너편,6.0,2019-11-07 17:43,101,(구)합정동 주민센터,5.0,34.0,3810.0
250,SPB-06588,2019-11-07 17:52,203,국회의사당역 3번출구 옆,5.0,2019-11-07 18:18,101,(구)합정동 주민센터,4.0,25.0,5010.0
251,SPB-24761,2019-11-07 18:44,267,삼성화재 사옥 옆,2.0,2019-11-07 18:57,101,(구)합정동 주민센터,1.0,12.0,2310.0
252,SPB-07514,2019-11-07 18:59,225,앙카라공원 앞,2.0,2019-11-07 19:29,101,(구)합정동 주민센터,5.0,29.0,
253,SPB-21357,2019-11-07 20:53,104,합정역 1번출구 앞,9.0,2019-11-07 20:58,101,(구)합정동 주민센터,3.0,4.0,790.0
254,SPB-23941,2019-11-07 21:12,826,서울역 서부교차로2,17.0,2019-11-07 21:39,101,(구)합정동 주민센터,3.0,27.0,6150.0
255,SPB-22061,2019-11-07 21:45,106,합정역 7번출구 앞,2.0,2019-11-07 21:50,101,(구)합정동 주민센터,1.0,4.0,760.0
256,SPB-14672,2019-11-07 21:47,152,마포구민체육센터 앞,20.0,2019-11-07 21:57,101,(구)합정동 주민센터,1.0,9.0,1190.0
257,SPB-03614,2019-11-07 21:40,121,마포소방서 앞,13.0,2019-11-07 21:57,101,(구)합정동 주민센터,2.0,16.0,2940.0
258,SPB-18541,2019-11-07 23:13,108,서교동 사거리,9.0,2019-11-07 23:22,101,(구)합정동 주민센터,5.0,8.0,1570.0
259,SPB-18245,2019-11-07 23:46,103,망원역 2번출구 앞,14.0,2019-11-07 23:57,101,(구)합정동 주민센터,2.0,10.0,1720.0
260,SPB-13596,2019-11-07 23:51,103,망원역 2번출구 앞,9.0,2019-11-07 23:58,101,(구)합정동 주민센터,1.0,6.0,1040.0
261,SPB-18883,2019-11-08 2:10,151,망원1동주민센터,2.0,2019-11-08 2:20,101,(구)합정동 주민센터,5.0,9.0,570.0
262,SPB-17059,2019-11-08 8:46,103,망원역 2번출구 앞,7.0,2019-11-08 8:52,101,(구)합정동 주민센터,5.0,6.0,1170.0
263,SPB-15960,2019-11-08 9:10,103,망원역 2번출구 앞,1.0,2019-11-08 9:18,101,(구)합정동 주민센터,4.0,8.0,1060.0
264,SPB-20868,2019-11-08 9:46,104,합정역 1번출구 앞,8.0,2019-11-08 9:54,101,(구)합정동 주민센터,4.0,7.0,
265,SPB-08123,2019-11-08 11:42,113,홍대입구역 2번출구 앞,19.0,2019-11-08 11:54,101,(구)합정동 주민센터,,11.0,2150.0
266,SPB-08123,2019-11-08 12:56,101,(구)합정동 주민센터,3.0,2019-11-08 13:11,101,(구)합정동 주민센터,3.0,13.0,1710.0
267,SPB-16032,2019-11-08 13:06,152,마포구민체육센터 앞,30.0,2019-11-08 13:12,101,(구)합정동 주민센터,5.0,5.0,1170.0
268,SPB-22576,2019-11-08 14:01,421,마포구청 앞,1.0,2019-11-08 14:24,101,(구)합정동 주민센터,1.0,22.0,3900.0
269,SPB-22660,2019-11-08 14:19,111,상수역 2번출구 앞,6.0,2019-11-08 14:42,101,(구)합정동 주민센터,2.0,21.0,1770.0
270,SPB-08123,2019-11-08 14:28,101,(구)합정동 주민센터,3.0,2019-11-08 14:43,101,(구)합정동 주민센터,3.0,14.0,1870.0
271,SPB-07062,2019-11-08 15:32,113,홍대입구역 2번출구 앞,21.0,2019-11-08 15:57,101,(구)합정동 주민센터,3.0,24.0,2310.0
272,SPB-08123,2019-11-08 15:34,101,(구)합정동 주민센터,3.0,2019-11-08 16:18,101,(구)합정동 주민센터,5.0,43.0,5330.0
273,SPB-06693,2019-11-08 15:42,154,마포구청역,6.0,2019-11-08 16:37,101,(구)합정동 주민센터,1.0,54.0,2820.0
274,SPB-02367,2019-11-08 17:31,106,합정역 7번출구 앞,6.0,2019-11-08 17:38,101,(구)합정동 주민센터,2.0,6.0,1030.0
275,SPB-21790,2019-11-08 16:53,186,월드컵공원,30.0,2019-11-08 17:39,101,(구)합정동 주민센터,1.0,45.0,3580.0
276,SPB-22365,2019-11-08 18:18,148,용강동 주민센터 앞,1.0,2019-11-08 18:49,101,(구)합정동 주민센터,5.0,29.0,4790.0
277,SPB-08399,2019-11-08 18:47,432,마포중앙도서관,4.0,2019-11-08 19:00,101,(구)합정동 주민센터,3.0,12.0,2000.0
278,SPB-23798,2019-11-08 19:13,106,합정역 7번출구 앞,2.0,2019-11-08 19:27,101,(구)합정동 주민센터,1.0,12.0,440.0
279,SPB-14276,2019-11-08 19:07,410,상암중학교 옆,4.0,2019-11-08 19:33,101,(구)합정동 주민센터,4.0,25.0,
280,SPB-07062,2019-11-08 19:27,104,합정역 1번출구 앞,12.0,2019-11-08 19:33,101,(구)합정동 주민센터,1.0,5.0,1090.0
281,SPB-22277,2019-11-08 19:20,103,망원역 2번출구 앞,13.0,2019-11-08 20:14,101,(구)합정동 주민센터,1.0,50.0,4520.0
282,SPB-14593,2019-11-08 19:20,103,망원역 2번출구 앞,14.0,2019-11-08 20:15,101,(구)합정동 주민센터,1.0,54.0,5140.0
283,SPB-02239,2019-11-08 19:42,284,센트럴 푸르지오 시티 앞,11.0,2019-11-08 20:26,101,(구)합정동 주민센터,2.0,39.0,4660.0
284,SPB-02367,2019-11-08 20:24,101,(구)합정동 주민센터,2.0,2019-11-08 20:42,101,(구)합정동 주민센터,1.0,17.0,1820.0
285,SPB-21760,2019-11-08 20:28,826,서울역 서부교차로2,20.0,2019-11-08 20:57,101,(구)합정동 주민센터,5.0,27.0,6120.0
286,SPB-16068,2019-11-08 22:12,102,망원역 1번출구 앞,2.0,2019-11-08 22:20,101,(구)합정동 주민센터,2.0,7.0,1130.0
287,SPB-03852,2019-11-08 22:17,102,망원역 1번출구 앞,15.0,2019-11-08 22:27,101,(구)합정동 주민센터,5.0,9.0,1070.0
288,SPB-05480,2019-11-08 22:27,103,망원역 2번출구 앞,10.0,2019-11-08 22:33,101,(구)합정동 주민센터,2.0,6.0,1050.0
289,SPB-14488,2019-11-08 22:33,103,망원역 2번출구 앞,11.0,2019-11-08 22:39,101,(구)합정동 주민센터,1.0,5.0,1090.0
290,SPB-22933,2019-11-08 22:30,112,극동방송국 앞,5.0,2019-11-08 22:44,101,(구)합정동 주민센터,4.0,13.0,1700.0
291,SPB-17890,2019-11-08 22:03,391,정동길입구,3.0,2019-11-08 22:48,101,(구)합정동 주민센터,3.0,44.0,8120.0
292,SPB-14571,2019-11-08 22:54,114,홍대입구역 8번출구 앞,11.0,2019-11-08 23:07,101,(구)합정동 주민센터,2.0,13.0,2400.0
293,SPB-20415,2019-11-08 23:10,113,홍대입구역 2번출구 앞,1.0,2019-11-08 23:22,101,(구)합정동 주민센터,5.0,12.0,1250.0
294,SPB-08818,2019-11-08 23:13,108,서교동 사거리,2.0,2019-11-08 23:24,101,(구)합정동 주민센터,2.0,10.0,1360.0
295,SPB-16380,2019-11-09 0:35,419,홈플러스 앞,20.0,2019-11-09 0:51,101,(구)합정동 주민센터,1.0,16.0,
296,SPB-13790,2019-11-09 8:05,203,국회의사당역 3번출구 옆,2.0,2019-11-09 8:30,101,(구)합정동 주민센터,3.0,25.0,4980.0
297,SPB-08399,2019-11-09 6:49,101,(구)합정동 주민센터,3.0,2019-11-09 8:40,101,(구)합정동 주민센터,2.0,100.0,2830.0
298,SPB-14276,2019-11-09 11:23,101,(구)합정동 주민센터,,2019-11-09 12:45,101,(구)합정동 주민센터,5.0,81.0,2400.0
299,SPB-13611,2019-11-09 12:46,152,마포구민체육센터 앞,27.0,2019-11-09 12:57,101,(구)합정동 주민센터,1.0,10.0,1210.0
300,SPB-15132,2019-11-09 14:16,106,합정역 7번출구 앞,10.0,2019-11-09 14:28,101,(구)합정동 주민센터,1.0,11.0,950.0
301,SPB-18981,2019-11-09 14:42,134,연세로 명물길,1.0,2019-11-09 15:05,101,(구)합정동 주민센터,3.0,22.0,3890.0
302,SPB-20417,2019-11-09 18:24,116,일진아이윌아파트 옆,,2019-11-09 20:27,101,(구)합정동 주민센터,1.0,114.0,2970.0
303,SPB-20022,2019-11-09 18:23,116,일진아이윌아파트 옆,4.0,2019-11-09 20:28,101,(구)합정동 주민센터,4.0,122.0,3440.0
304,SPB-14218,2019-11-09 20:33,114,홍대입구역 8번출구 앞,6.0,2019-11-09 20:52,101,(구)합정동 주민센터,2.0,17.0,2590.0
305,SPB-19959,2019-11-09 20:46,102,망원역 1번출구 앞,,2019-11-09 20:55,101,(구)합정동 주민센터,3.0,8.0,1110.0
306,SPB-14218,2019-11-09 21:05,101,(구)합정동 주민센터,2.0,2019-11-09 21:25,101,(구)합정동 주민센터,2.0,19.0,1730.0
307,SPB-21297,2019-11-09 21:04,391,정동길입구,8.0,2019-11-09 21:51,101,(구)합정동 주민센터,1.0,45.0,7750.0
308,SPB-10067,2019-11-09 21:37,108,서교동 사거리,1.0,2019-11-09 21:58,101,(구)합정동 주민센터,,20.0,1270.0
309,SPB-08019,2019-11-09 21:56,112,극동방송국 앞,9.0,2019-11-09 22:06,101,(구)합정동 주민센터,5.0,10.0,1660.0
310,SPB-24279,2019-11-09 23:23,125,서강대 남문 옆,,2019-11-09 23:43,101,(구)합정동 주민센터,2.0,18.0,4670.0
311,SPB-18301,2019-11-09 23:40,103,망원역 2번출구 앞,9.0,2019-11-10 0:21,101,(구)합정동 주민센터,4.0,,6510.0
312,SPB-12984,2019-11-10 1:03,134,연세로 명물길,8.0,2019-11-10 1:32,101,(구)합정동 주민센터,1.0,27.0,3400.0
313,SPB-10067,2019-11-10 5:59,101,(구)합정동 주민센터,3.0,2019-11-10 7:00,101,(구)합정동 주민센터,2.0,59.0,2440.0
314,SPB-11714,2019-11-10 6:22,113,홍대입구역 2번출구 앞,5.0,2019-11-10 7:18,101,(구)합정동 주민센터,5.0,54.0,2410.0
315,SPB-24164,2019-11-10 10:04,182,망원2빗물펌프장 앞,4.0,2019-11-10 10:40,101,(구)합정동 주민센터,2.0,35.0,
316,SPB-11835,2019-11-10 10:31,182,망원2빗물펌프장 앞,7.0,2019-11-10 11:32,101,(구)합정동 주민센터,1.0,59.0,5080.0
317,SPB-00927,2019-11-10 13:45,1998,고척교 교차로,6.0,2019-11-10 14:40,101,(구)합정동 주민센터,4.0,54.0,9310.0
318,SPB-05095,2019-11-10 16:07,151,망원1동주민센터,8.0,2019-11-10 16:20,101,(구)합정동 주민센터,1.0,12.0,1130.0
319,SPB-14725,2019-11-10 16:30,152,마포구민체육센터 앞,24.0,2019-11-10 16:41,101,(구)합정동 주민센터,2.0,10.0,1200.0
320,SPB-17468,2019-11-10 21:40,106,합정역 7번출구 앞,5.0,2019-11-10 21:45,101,(구)합정동 주민센터,1.0,4.0,840.0
321,SPB-15033,2019-11-10 21:32,125,서강대 남문 옆,7.0,2019-11-10 21:56,101,(구)합정동 주민센터,3.0,23.0,5230.0
322,SPB-15025,2019-11-10 22:24,103,망원역 2번출구 앞,14.0,2019-11-10 22:31,101,(구)합정동 주민센터,2.0,7.0,1070.0
323,SPB-14235,2019-11-11 0:45,108,서교동 사거리,1.0,2019-11-11 1:16,101,(구)합정동 주민센터,5.0,30.0,2240.0
324,SPB-03852,2019-11-11 9:20,103,망원역 2번출구 앞,14.0,2019-11-11 9:27,101,(구)합정동 주민센터,2.0,6.0,690.0
325,SPB-19930,2019-11-11 9:51,104,합정역 1번출구 앞,8.0,2019-11-11 9:59,101,(구)합정동 주민센터,1.0,7.0,1120.0
326,SPB-19930,2019-11-11 10:19,101,(구)합정동 주민센터,1.0,2019-11-11 10:32,101,(구)합정동 주민센터,1.0,12.0,1040.0
327,SPB-19930,2019-11-11 10:43,101,(구)합정동 주민센터,1.0,2019-11-11 11:23,101,(구)합정동 주민센터,3.0,39.0,3370.0
328,SPB-22264,2019-11-11 12:02,103,망원역 2번출구 앞,5.0,2019-11-11 12:08,101,(구)합정동 주민센터,1.0,5.0,1030.0
329,SPB-19930,2019-11-11 12:54,101,(구)합정동 주민센터,3.0,2019-11-11 13:03,101,(구)합정동 주민센터,3.0,8.0,1350.0
330,SPB-12136,2019-11-11 13:49,103,망원역 2번출구 앞,12.0,2019-11-11 13:57,101,(구)합정동 주민센터,4.0,7.0,1270.0
331,SPB-19930,2019-11-11 13:09,101,(구)합정동 주민센터,3.0,2019-11-11 14:24,101,(구)합정동 주민센터,3.0,74.0,2860.0
332,SPB-06200,2019-11-11 14:26,115,사루비아 빌딩 앞,1.0,2019-11-11 14:44,101,(구)합정동 주민센터,4.0,,0.0
333,SPB-16226,2019-11-11 14:47,102,망원역 1번출구 앞,17.0,2019-11-11 14:55,101,(구)합정동 주민센터,3.0,7.0,1170.0
334,SPB-16430,2019-11-11 14:56,104,합정역 1번출구 앞,7.0,2019-11-11 15:05,101,(구)합정동 주민센터,1.0,9.0,1000.0
335,SPB-20868,2019-11-11 14:42,104,합정역 1번출구 앞,12.0,2019-11-11 15:10,101,(구)합정동 주민센터,2.0,25.0,1770.0
336,SPB-17824,2019-11-11 17:05,148,용강동 주민센터 앞,11.0,2019-11-11 17:34,101,(구)합정동 주민센터,5.0,28.0,5710.0
337,SPB-08573,2019-11-11 17:59,151,망원1동주민센터,6.0,2019-11-11 18:08,101,(구)합정동 주민센터,1.0,8.0,990.0
338,SPB-06910,2019-11-11 18:20,432,마포중앙도서관,9.0,2019-11-11 18:34,101,(구)합정동 주민센터,1.0,13.0,2330.0
339,SPB-11840,2019-11-11 18:35,106,합정역 7번출구 앞,10.0,2019-11-11 18:42,101,(구)합정동 주민센터,5.0,6.0,810.0
340,SPB-17824,2019-11-11 18:21,101,(구)합정동 주민센터,5.0,2019-11-11 18:47,101,(구)합정동 주민센터,1.0,25.0,1750.0
341,SPB-04690,2019-11-11 18:22,148,용강동 주민센터 앞,3.0,2019-11-11 18:54,101,(구)합정동 주민센터,1.0,30.0,5510.0
342,SPB-05294,2019-11-11 19:01,104,합정역 1번출구 앞,4.0,2019-11-11 19:09,101,(구)합정동 주민센터,1.0,8.0,1290.0
343,SPB-03379,2019-11-11 18:31,226,샛강역 1번출구 앞,18.0,2019-11-11 19:18,101,(구)합정동 주민센터,4.0,46.0,6850.0
344,SPB-07966,2019-11-11 19:10,410,상암중학교 옆,4.0,2019-11-11 19:32,101,(구)합정동 주민센터,3.0,20.0,4540.0
345,SPB-07239,2019-11-11 19:12,104,합정역 1번출구 앞,12.0,2019-11-11 20:06,101,(구)합정동 주민센터,1.0,53.0,1230.0
346,SPB-12175,2019-11-11 20:22,184,SK망원동주유소 건너편,7.0,2019-11-11 20:32,101,(구)합정동 주민센터,1.0,9.0,1470.0
347,SPB-13199,2019-11-11 20:25,403,부엉이공원 앞,1.0,2019-11-11 21:00,101,(구)합정동 주민센터,2.0,33.0,6840.0
348,SPB-17396,2019-11-11 20:38,346,맥스타일 앞,6.0,2019-11-11 21:02,101,(구)합정동 주민센터,1.0,24.0,5290.0
349,SPB-14833,2019-11-11 21:18,432,마포중앙도서관,2.0,2019-11-11 21:31,101,(구)합정동 주민센터,1.0,12.0,2440.0
350,SPB-11389,2019-11-11 21:22,245,삼성생명 당산사옥 앞,6.0,2019-11-11 21:46,101,(구)합정동 주민센터,3.0,23.0,3190.0
351,SPB-07788,2019-11-11 21:38,152,마포구민체육센터 앞,23.0,2019-11-11 21:49,101,(구)합정동 주민센터,1.0,11.0,1070.0
352,SPB-25156,2019-11-11 23:15,623,서울시립대 정문 앞,12.0,2019-11-11 23:33,101,(구)합정동 주민센터,1.0,17.0,2860.0
353,SPB-17319,2019-11-11 22:46,391,정동길입구,2.0,2019-11-11 23:34,101,(구)합정동 주민센터,2.0,48.0,8290.0
354,SPB-11389,2019-11-11 22:05,101,(구)합정동 주민센터,3.0,2019-11-11 23:37,101,(구)합정동 주민센터,1.0,91.0,2020.0
355,SPB-17800,2019-11-12 0:42,106,합정역 7번출구 앞,5.0,2019-11-12 0:50,101,(구)합정동 주민센터,4.0,7.0,940.0
356,SPB-01566,2019-11-12 1:29,106,합정역 7번출구 앞,1.0,2019-11-12 1:35,101,(구)합정동 주민센터,1.0,5.0,820.0
357,SPB-22267,2019-11-12 1:52,151,망원1동주민센터,9.0,2019-11-12 1:56,101,(구)합정동 주민센터,5.0,4.0,1000.0
358,SPB-23155,2019-11-12 1:45,124,서강대 정문 건너편,6.0,2019-11-12 2:01,101,(구)합정동 주민센터,1.0,14.0,2790.0
359,SPB-11546,2019-11-12 1:59,108,서교동 사거리,5.0,2019-11-12 2:09,101,(구)합정동 주민센터,1.0,9.0,1550.0
360,SPB-14751,2019-11-12 9:06,438,성산2-1 공영주차장,9.0,2019-11-12 9:26,101,(구)합정동 주민센터,5.0,19.0,3900.0
361,SPB-24781,2019-11-12 9:47,104,합정역 1번출구 앞,10.0,2019-11-12 9:53,101,(구)합정동 주민센터,3.0,6.0,1070.0
362,SPB-24781,2019-11-12 10:45,101,(구)합정동 주민센터,3.0,2019-11-12 11:50,101,(구)합정동 주민센터,4.0,64.0,5600.0
363,SPB-24858,2019-11-12 11:41,113,홍대입구역 2번출구 앞,21.0,2019-11-12 11:54,101,(구)합정동 주민센터,1.0,11.0,2060.0
364,SPB-24781,2019-11-12 12:54,101,(구)합정동 주민센터,4.0,2019-11-12 12:58,101,(구)합정동 주민센터,4.0,4.0,690.0
365,SPB-04514,2019-11-12 12:32,152,마포구민체육센터 앞,1.0,2019-11-12 13:04,101,(구)합정동 주민센터,3.0,32.0,1200.0
366,SPB-22373,2019-11-12 14:42,102,망원역 1번출구 앞,6.0,2019-11-12 14:50,101,(구)합정동 주민센터,2.0,8.0,1160.0
367,SPB-06607,2019-11-12 14:54,102,망원역 1번출구 앞,13.0,2019-11-12 15:04,101,(구)합정동 주민센터,4.0,9.0,1410.0
368,SPB-20633,2019-11-12 15:33,113,홍대입구역 2번출구 앞,24.0,2019-11-12 15:50,101,(구)합정동 주민센터,2.0,16.0,2240.0
369,SPB-09784,2019-11-12 15:59,148,용강동 주민센터 앞,10.0,2019-11-12 16:27,101,(구)합정동 주민센터,1.0,28.0,5030.0
370,SPB-04514,2019-11-12 16:55,101,(구)합정동 주민센터,3.0,2019-11-12 17:07,101,(구)합정동 주민센터,3.0,10.0,1840.0
371,SPB-17300,2019-11-12 18:14,148,용강동 주민센터 앞,2.0,2019-11-12 18:42,101,(구)합정동 주민센터,1.0,28.0,5390.0
372,SPB-06102,2019-11-12 18:55,151,망원1동주민센터,9.0,2019-11-12 19:02,101,(구)합정동 주민센터,2.0,6.0,
373,SPB-11141,2019-11-12 19:16,247,당산역 10번출구 앞,4.0,2019-11-12 19:31,101,(구)합정동 주민센터,4.0,15.0,2450.0
374,SPB-02757,2019-11-12 19:38,151,망원1동주민센터,2.0,2019-11-12 19:49,101,(구)합정동 주민센터,5.0,10.0,1310.0
375,SPB-09235,2019-11-12 19:23,403,부엉이공원 앞,8.0,2019-11-12 20:01,101,(구)합정동 주민센터,1.0,32.0,6450.0
376,SPB-23858,2019-11-12 21:01,826,서울역 서부교차로2,12.0,2019-11-12 21:31,101,(구)합정동 주민센터,1.0,29.0,6210.0
377,SPB-08753,2019-11-12 22:01,106,합정역 7번출구 앞,7.0,2019-11-12 22:07,101,(구)합정동 주민센터,1.0,5.0,590.0
378,SPB-07236,2019-11-12 22:15,152,마포구민체육센터 앞,25.0,2019-11-12 22:27,101,(구)합정동 주민센터,2.0,10.0,1200.0
379,SPB-16069,2019-11-12 23:13,104,합정역 1번출구 앞,1.0,2019-11-12 23:18,101,(구)합정동 주민센터,1.0,5.0,990.0
380,SPB-22144,2019-11-12 22:51,391,정동길입구,4.0,2019-11-12 23:32,101,(구)합정동 주민센터,3.0,38.0,7330.0
381,SPB-06351,2019-11-12 23:47,103,망원역 2번출구 앞,9.0,2019-11-12 23:53,101,(구)합정동 주민센터,1.0,5.0,0.0
382,SPB-16124,2019-11-13 0:20,104,합정역 1번출구 앞,9.0,2019-11-13 0:28,101,(구)합정동 주민센터,4.0,7.0,1070.0
383,SPB-20972,2019-11-13 1:00,104,합정역 1번출구 앞,11.0,2019-11-13 1:05,101,(구)합정동 주민센터,5.0,5.0,710.0
384,SPB-22802,2019-11-13 9:32,103,망원역 2번출구 앞,3.0,2019-11-13 9:39,101,(구)합정동 주민센터,2.0,6.0,930.0
385,SPB-18589,2019-11-13 10:01,106,합정역 7번출구 앞,3.0,2019-11-13 10:06,101,(구)합정동 주민센터,1.0,4.0,500.0
386,SPB-19322,2019-11-13 11:50,152,마포구민체육센터 앞,23.0,2019-11-13 11:56,101,(구)합정동 주민센터,3.0,6.0,1160.0
387,SPB-17788,2019-11-13 13:04,152,마포구민체육센터 앞,20.0,2019-11-13 13:10,101,(구)합정동 주민센터,4.0,5.0,1200.0
388,SPB-13934,2019-11-13 18:00,106,합정역 7번출구 앞,4.0,2019-11-13 18:06,101,(구)합정동 주민센터,2.0,5.0,860.0
389,SPB-17924,2019-11-13 18:33,148,용강동 주민센터 앞,1.0,2019-11-13 19:08,101,(구)합정동 주민센터,2.0,34.0,690.0
390,SPB-11626,2019-11-13 18:55,267,삼성화재 사옥 옆,3.0,2019-11-13 19:08,101,(구)합정동 주민센터,5.0,12.0,2060.0
391,SPB-10061,2019-11-13 21:53,106,합정역 7번출구 앞,8.0,2019-11-13 22:00,101,(구)합정동 주민센터,3.0,6.0,910.0
392,SPB-17924,2019-11-13 21:51,152,마포구민체육센터 앞,19.0,2019-11-13 22:01,101,(구)합정동 주민센터,2.0,9.0,1420.0
393,SPB-19322,2019-11-13 21:23,101,(구)합정동 주민센터,3.0,2019-11-13 22:40,101,(구)합정동 주민센터,1.0,71.0,1940.0
394,SPB-24072,2019-11-13 22:17,826,서울역 서부교차로2,20.0,2019-11-13 22:45,101,(구)합정동 주민센터,2.0,26.0,6130.0
395,SPB-22075,2019-11-13 23:48,103,망원역 2번출구 앞,4.0,2019-11-13 23:53,101,(구)합정동 주민센터,1.0,5.0,760.0
396,SPB-05410,2019-11-14 3:20,106,합정역 7번출구 앞,1.0,2019-11-14 3:24,101,(구)합정동 주민센터,1.0,3.0,830.0
397,SPB-09193,2019-11-14 9:04,203,국회의사당역 3번출구 옆,1.0,2019-11-14 9:28,101,(구)합정동 주민센터,4.0,21.0,4340.0
398,SPB-07205,2019-11-14 12:07,1160,양천향교역 7번출구앞,1.0,2019-11-14 12:55,101,(구)합정동 주민센터,1.0,47.0,10260.0
399,SPB-07247,2019-11-14 16:13,148,용강동 주민센터 앞,11.0,2019-11-14 17:05,101,(구)합정동 주민센터,4.0,52.0,7420.0
400,SPB-15391,2019-11-14 17:14,113,홍대입구역 2번출구 앞,22.0,2019-11-14 17:29,101,(구)합정동 주민센터,1.0,,2290.0
401,SPB-18517,2019-11-14 18:40,104,합정역 1번출구 앞,1.0,2019-11-14 18:48,101,(구)합정동 주민센터,4.0,8.0,990.0
402,SPB-12442,2019-11-14 18:25,226,샛강역 1번출구 앞,15.0,2019-11-14 19:16,101,(구)합정동 주민센터,3.0,49.0,6340.0
403,SPB-11712,2019-11-14 19:19,104,합정역 1번출구 앞,8.0,2019-11-14 19:25,101,(구)합정동 주민센터,1.0,5.0,890.0
404,SPB-23012,2019-11-14 19:53,267,삼성화재 사옥 옆,2.0,2019-11-14 20:05,101,(구)합정동 주민센터,2.0,12.0,2350.0
405,SPB-16711,2019-11-14 20:41,151,망원1동주민센터,2.0,2019-11-14 20:48,101,(구)합정동 주민센터,4.0,6.0,1040.0
406,SPB-23793,2019-11-14 21:43,826,서울역 서부교차로2,18.0,2019-11-14 22:10,101,(구)합정동 주민센터,5.0,25.0,6320.0
407,SPB-23154,2019-11-14 22:05,106,합정역 7번출구 앞,10.0,2019-11-14 22:11,101,(구)합정동 주민센터,5.0,5.0,510.0
408,SPB-07283,2019-11-14 22:15,152,마포구민체육센터 앞,17.0,2019-11-14 22:26,101,(구)합정동 주민센터,,11.0,0.0
409,SPB-10593,2019-11-14 23:29,106,합정역 7번출구 앞,5.0,2019-11-14 23:40,101,(구)합정동 주민센터,4.0,10.0,
410,SPB-18614,2019-11-14 23:07,391,정동길입구,5.0,2019-11-14 23:49,101,(구)합정동 주민센터,3.0,40.0,7510.0
411,SPB-24467,2019-11-15 1:04,103,망원역 2번출구 앞,3.0,2019-11-15 1:10,101,(구)합정동 주민센터,1.0,5.0,770.0
412,SPB-13450,2019-11-15 2:22,151,망원1동주민센터,10.0,2019-11-15 2:27,101,(구)합정동 주민센터,2.0,4.0,1070.0
413,SPB-25161,2019-11-15 3:13,106,합정역 7번출구 앞,6.0,2019-11-15 3:18,101,(구)합정동 주민센터,1.0,3.0,640.0
414,SPB-24515,2019-11-15 3:58,112,극동방송국 앞,1.0,2019-11-15 4:08,101,(구)합정동 주민센터,1.0,9.0,1620.0
415,SPB-12116,2019-11-15 4:22,112,극동방송국 앞,5.0,2019-11-15 4:33,101,(구)합정동 주민센터,1.0,11.0,2200.0
416,SPB-17768,2019-11-15 9:31,103,망원역 2번출구 앞,14.0,2019-11-15 9:37,101,(구)합정동 주민센터,,5.0,
417,SPB-18841,2019-11-15 20:40,113,홍대입구역 2번출구 앞,24.0,2019-11-15 20:53,101,(구)합정동 주민센터,1.0,12.0,2280.0
418,SPB-24467,2019-11-15 21:55,152,마포구민체육센터 앞,18.0,2019-11-15 22:05,101,(구)합정동 주민센터,1.0,10.0,1180.0
419,SPB-17570,2019-11-15 22:16,391,정동길입구,7.0,2019-11-15 23:04,101,(구)합정동 주민센터,5.0,48.0,8100.0
